Company,Title,Description,Required,Benifits
CÔNG TY TNHH PHẦN MỀM ALLIANCE,Data Analyst,"We are currently looking for talented Data Analysts to join our team to support in making strategic, data-related decisions by analysing, tracking, and reporting data.
You will be working on exciting and interesting projects, engaging with our internal executives, credit, sales and the marketing department in order to understand their needs and to help shape the engagements that allow us to provide services that will meet those needs.
• Advising on data analysis and visualization approaches and strategies.
• Implementing solutions for the establishment of data analysis capabilities including data access, data wrangling and transformation and data analysis and visualization.
• Delivering a data analysis over a diverse range of data sources and formats, including structured, multi-structured and unstructured.
• Guiding the interpretation and communication of results of data analysis, making recommendations to stakeholders of varying levels of data literacy.
• Collaborating with system owners, data providers, analysts, managers, and various other stakeholders to data projects.
• Managing your time, the team, the stakeholders, and the engagement, to deliver the data management capability.
• Troubleshooting and optimizing data systems","• Bachelor degree
• 2 years’ Data Analysis experience
• Proficient in SQL
• Sound understanding of data structures, data modelling and data optimisation techniques.
• Ability to analyse large, complex data sets from diverse sources, structures, and formats.","Package: salary month + Project bonus (If any) + Extra package
Young and dynamic working environment.
Opportunity to approach newest technology trends
Company’s labor policy completely pursuant to Vietnamese labor legislation plus other benefits offered by the company (Company trip, Holiday, etc.)"
Công ty CP Thế giới Di Động,Data Analyst,"- Tương tác với khối siêu thị, ngành hàng để nắm bắt và xử lý các vấn đề liên quan đến dự báo mua chia hàng hoá.
- Xử lý số liệu và tính toán, đảm bảo công tác dự báo mua chia hàng ngày hợp lý.
- Hỗ trợ xây dựng, điều chỉnh và quản lý vận hành các công cụ/báo cáo hệ thống liên quan đến forecast mua chia hàng hoá.
- Tối ưu các công thức liên quan đến forecast và mua chia.
- Theo dõi biến động data hằng ngày và thông báo với cấp trên các sự kiện rủi ro ảnh hướng đến tình hình hàng hoá.
- Các công việc liên quan đến vận hành forecast mua chia theo yêu cầu cấp trên.","- Tốt nghiệp các trường Cao Đẳng, Đại học liên quan đến Toán Tin, Kinh Tế, Tài Chính, Kinh Doanh
- Có kinh nghiệm từ 1  năm trở lên trong lĩnh vực Xử lý số liệu, Data Analyst, Data Science,…
- Sử dụng tốt Excel, các công cụ hỗ trợ phân tích số liệu…
- Tư duy logic, phân tích vấn đề, có khả năng giao tiếp tốt với các phòng ban.","Thử việc: Tối đa 2 tháng
Thời gian làm việc: Thứ 2 đến Thứ 6 (8h -17h) - Thứ 7 Linh hoạt theo tình hình công việc
Cơ hội huấn luyện:
- Tham gia vào các lớp huấn luyện kỹ năng mềm của đội ngũ Trainers dày dặn kinh nghiệm của công ty.
- Được đào tạo và định hướng từ các cấp Trưởng Phòng dày dặn kinh nghiệm trong lĩnh vực Bán Lẻ Bán Sĩ.
Đồng nghiệp:
Thân thiện vui vẻ, luôn lấy mục tiêu và kết quả công việc là định hướng phát triển.
Xây dựng văn hoá theo phương pháp Cross-Functional - lấy sự học hỏi lẫn nhau là phương châm phát triển.
Phúc lợi: Chính sách thưởng đa dạng theo cấp bậc và thâm niên."
Công ty Cổ phần VIN3S,Chuyên Viên Phân Tích Dữ Liệu,"Objective
• Apply analysis, problem solving methods, processes, and systems to consolidate and analyze, visualize data to generate insights to improve customer experience and business operation. Responsibilities • Assess the effectiveness and accuracy of data sources and data gathering techniques.
• Analyze and interpret patterns in complex data sets to identify what has happened to the business, why it happened for the purpose of performance management.
• Use data visualization tools and techniques to generate dashboards, reports and presentations that aid in data storytelling to enable stakeholders understand the pattern of data, analytical findings, recommendations.
• Create and maintain statistical models for ongoing and ad hoc review and analysis of data.
• Assist senior Data Scientists to develop Machine Learning models.
• Develop processes and tools to monitor and analyze model performance and data accuracy.","• Bachelor’s degree in Business Analytics, Business Information System, Computer Science, or Quantitative Analysis.
• At least 4 years of relevant experience in areas of data analysis, reporting and planning.
• Experience in querying databases and using programming languages such as R, Python, Scala, SQL.
• Experience with Google Analytics, Google Cloud Platform, Graph Database is highly preferred.
• Experience in data management, data modelling, ETL and analysis functions.
• Experience with data analysis and BI tools such as PowerBI (highly preferred), QuickSight, Tableau.
• Understanding of information security principles to ensure data privacy compliance is a plus.
• Strong understanding of Agile principles, practices, and scrum methodology
• Experience working in Agile teams to support digital transformation projects
• Proficient in English is highly preferred","Salary is attractive and commensurates with competence
Various training on hot-trend technologies, best practices and soft skill
Performance review to adjust salary and title/position every year
Bao Viet health insurance / Social insurance as required by law
13 months of salary + and many other side benefits such as lunch allowance, healthcare program, annual health-screen, sport activities, gifts on special occasions 
Special discounts on Vinmec, Vinhomes, Vinschool, VinFast, and other Vinmec, Vinhomes, Vinschool, and VinFast products and services..."
CÔNG TY TNHH PUZZLE STUDIO,Data Analyst (Operations Support) - Shopee Xpress,"- Use statistical methods to analyze data and generate useful business reports.
- Work with product and management team to create a prioritized list of needs for each business segment.
- Identify and recommend new ways to save cost by streamlining business processes.
- Use data to create models that depict trends, anomalies in the customer base and the consumer population as a whole.
- Developing and implementing data analyses, data collection systems and other strategies that optimize statistical efficiency and quality.
- Acquiring data from primary or secondary data sources and maintaining databases.
- Work with departmental managers to outline the specific data needs for each business method analysis project.
- Write research reports to transfer knowledge.
- Collaborate and work effectively with multiple internal teams (creative design, marketing, product) to understand and help them figure out insight from data.","- BS or Master in Mathematics, Economics, Computer Science, Information Management or Statistics.
- Ability to collaborate effectively and work as part of a team.
- Strong attention to detail.
- Proven working experience as a data analyst or business data analyst (1+ years’ Data mining experience or 1+ years in a data analyst role).
- Technical expertise regarding data models, database design development, data mining, and segmentation techniques.
- Strong knowledge of and experience with reporting packages (matplotlib/seaborn, ggplot...) and other visualization tools (Tableau, DataStudio, Looker…).
- Knowledge of statistics and experience using statistical packages for analyzing datasets (statsmodels, SciPy,... ).
- Strong analytical skills with the ability to collect, organize, analyze, and disseminate significant amounts of information with attention to detail and accuracy.
- Demonstrated experience in handling large data sets and relational databases.
- Adept at queries, report writing and presenting findings.","- Working time: from Monday to Friday
- Health care insurance and social insurance.
- Performance based bonus
- Training courses (but at the Company’s sole discretion).
- Strong learning environment."
CÔNG TY TÀI CHÍNH TRÁCH NHIỆM HỮU HẠN MỘT THÀNH VIÊN MIRAE ASSET (VIỆT NAM),Chuyên Viên Phân Tích Dữ Liệu - Data Analyst,"• Work on data Collection systems/ CRM (Sales System)/Underwriting System/Management Information System (MIS), data analytics and other strategies that optimize statistical efficiency and quality.
• Regularly monitor the Sales, Collection, Underwriting, Loan Products portfolios to ensure delivering highest portfolio performance.
• Analyse Sales, Collection and Underwriting performance records/KPI, interpret results of overall and recommend promotion or change of conditions of loan products if any.
• Coordinate with other related functions to implement strategic changes in Sales/Collection/UND Operation, including technical development with IT Department.
• Strong knowledge of Microsoft Access, SQL, Excel and Analysis tools such as Power Query (M-Query), Power BI for collecting, analysing, evaluating and reporting data in order to increase sales productivity.","• Bachelor’s degree in Computer Science, Marketing Analytics, Business, Statistics or other related studies; or equivalent work experience
• 1+ years' experience in similar or equivalent position
• Experience and knowledge of consumer financing industry and collection as a preferred.
• Strong analytical skills with ability to deliver insightful ideas, excited to draw findings from figures.
• Good interpersonal, communication and presentation skills.
• Proactive, responsible, attention to detail and a good team player.
• Fluency in written and spoken English.","Competitive remuneration package (13th salary + annual performance bonus).
12 days annual leave + summer annual leave: 3 days.
Working time: 8h – 17h30, Mon-Fri.
Young and proactive environment; no barriers, no limitation for new idea.
Annual insurance package from middle levels up."
CÔNG TY TNHH THƯƠNG MẠI GEARVN,Data Analyst (Contact/Call Center),"Chúng tôi đang tìm kiếm một Business Intelligence (BI) Developer để tạo và quản lý BI cũng như các giải pháp phân tích biến dữ liệu thành kiến thức;
Hợp tác với tất cả các bộ phận để hiểu hoạt động kinh doanh và nhu cầu về các báo cáo, sau đó trực quan hóa chúng;
Tham gia xây dựng hệ thống BI bằng cách thu thập dữ liệu từ tất cả các loại nguồn dữ liệu (ERP, website, facebook, Google Analytics…);
Trực tiếp quản lý các yêu cầu về giải pháp pháp báo cáo BI, bao gồm Data, Data Integration, chuyển đổi dữ liệu và cơ sở báo cáo;
Đưa ra đề xuất cho HODs nhờ kiến thức học được từ dữ liệu;
Theo dõi KPI và nâng cao cảnh báo đối với các KPI bất thường;
Các nhiệm vụ khác theo sự phân công của quản lý.","Tốt nghiệp đại học/cao đẳng chuyên nghành CNTT;
Có ít nhất 2 năm kinh nghiệm làm việc ở vị trí / cấp độ tương đương;
Biết cách trực quan hóa dữ liệu và trình bày bằng các công cụ như PowerBI / Tableau / AWS QuickSight;\
Biết sử dụng các công cụ thu thập dữ liệu về data warehouse;
Sử dụng thành thạo SQL;
Có kỹ năng phân tích, lập luận logic và trực quan hóa dữ liệu mạnh mẽ, có năng khiếu lập trình cơ bản;
Sẵn sàng học hỏi và thử thách;
Kỹ năng giao tiếp tốt để cộng tác với các bộ phận khác nhau và có thể xử lý nhiều dự án.","Môi trường làm việc chuyên nghiệp, năng động.
Chế độ lương, thưởng hấp dẫn theo năng lực.
Cơ hội thăng tiến cao.
Tham gia BHYT, BHXH, Ký HĐLĐ.
Du lịch Teambuilding hàng năm.
12 ngày phép/ năm."
công ty Viễn Thông Phương Nam,Data Analyst - HCM,"• Tham gia vào các dự án Chuyển đổi số lớn của công ty.
• Phát triển các công cụ báo cáo nội bộ và KPI của công ty.
• Theo dõi các chỉ số hoạt động, vận hành hàng ngày qua các báo cáo phân tích.
• Xây dựng và phát triển hệ thống thu thập, sắp xếp và phân tích dữ liệu.
• Tối ưu hóa quy trình và hoạt động, vận hành từ các yếu tố dữ liệu được phân tích.
• Thực hiện các công việc khác theo yêu cầu của trưởng bộ phận.","• Trình độ tin học: Thành thạo bộ Microsoft office, đặc biệt xử dụng tốt Excel và Power Point.
• Có khả năng tư duy logic tốt.
• Độ tuổi: Không yêu cầu.
• Tốt nghiệp đại học trở lên, ưu tiên chuyên ngành: Tốt nghiệp Đại học chuyên ngành Toán–Tin, Kinh tế. Nền tảng toán học và thống kê tốt.
• Có khả năng sử dụng Exel phân tích dữ liệu ở mức cao.
• Có kinh nghiệm với các công cụ Visualization (Power BI, Tableau, Google Data Studio, Superset, …).
• Hiểu biết ngôn ngữ SQL, Python là một lợi thế.
• Ưu tiên ứng viên có kinh nghiệm về Power BI từ 1 năm trở lên.
• Chịu được áp lực cao trong công việc.","• Môi trường làm việc thân thiện, chuyên nghiệp, năng động.
• Cơ hội đào tạo, phát triển và thăng tiến.
• Chế độ nghỉ phép 12 ngày/năm và nghỉ mát, teambuilding cùng nhiều trải nghiệm với các CLB sở thích, chuyên môn, thể dục thể thao....
• Khen thưởng lương tháng 13 và thưởng top nhân viên xuất sắc của năm.
• Thưởng đột xuất, thưởng thi đua, thưởng sáng kiến.
• Chế độ bảo hiểm: BHYT, BHXH, BHTN và khám sức khỏe định kỳ, BHTN 24/24.
• Các chế độ khác theo Luật Lao động Việt Nam và quy định tài chính của công ty
• Thuộc biên chế công ty TNHH MTV DV Viễn thông Phương Nam (Đối tác độc quyền của FPT Telecom)."
Simple Group,Data Analyst Executive,"Company Description
Simple Group is on a mission to become the #1 growth catalyst for businesses across the world. Pushing the frontier with innovation and technology, Simple Group is constantly unlocking growth potential. We help businesses grow by providing them with the resources needed to scale, from establishing cross-border networks, to providing industry perspective, and offering business solutions such as financing and marketing.
 Job Description and Responsibilities
This position is great for an aspiring data analyst looking to work on business-critical projects and gain relevant work experience.
Select optimization methods, build algorithms, test and deploy models based on insights discovered from proposed data systems to meet operational goals and improve activity results
Analyze data for different purposes to provide valuable information to help support important decisions.
Optimizing and automating the processes of various departments
Collect and process data to ensure smooth operation of data processing system
 ","Requirements
• Bachelor’s degree in a quantitative subject (computer science, mathematics, engineering, or science) preferred
• Advanced level English skills - both written & verbal (equivalent to IELTS 7 min.)
• Meticulous, work under tight deadline, able to work in an unstructured environment
• At least proficient in using SQL, Python, Excel, PowerBI. Knowing other languages is an advantage.  
• Having experience in the field of Data Analyst is ideal
• Eager to learn, careful, critical thinking, strong attention to detail
• Good computer literacy and proficient with Microsoft Office suite","BENEFITS:
Work in an international environment.
Opportunity to work and learn directly with Founders who graduated from prestigious universities such as Nanyang Technological University, Oxford Brooks University, and Imperial College London.
Have the opportunity to fly to Singapore for free to support the seniors.
Work at the office in the center of District 4, can use the swimming pool and gym after work"
Công ty TNHH Lửa Á Châu,Data Analyst (HCM),"- Tham gia thu thập dữ liệu dựa trên nhu cầu nghiên cứu của khách hàng và tham gia xây dựng hướng tiếp cận dữ liệu phù hợp (ví dụ số lượng mẫu, phương pháp chọn mẫu, xử lý dữ liệu đầu vào, các loại dữ liệu cần thu thập, …) để bổ sung đủ dữ liệu cho nghiên cứu bằng Social Listening Tools.
- Tham gia theo dõi, phát hiện và báo cáo thông tin tiêu cực về công ty/thương hiệu/ sản phẩm/chương trình thông qua Social Listening Tools.
- Tham gia thu thập dữ liệu dựa trên nhu cầu nghiên cứu của khách hàng và tham gia xây dựng hướng tiếp cận dữ liệu phù hợp (ví dụ số lượng mẫu, phương pháp chọn mẫu, quy trình xử lý dữ liệu, các loại dữ liệu cần thu thập, …) để bổ sung đủ dữ liệu cho nghiên cứu.
 - Làm quen với việc xây dựng khung báo cáo theo đúng nhu cầu của khách hàng.
- Tham gia theo dõi, phát hiện và báo cáo thông tin tiêu cực về công ty/thương hiệu/ sản phẩm/chương trình.
- Đánh giá, phân loại thông tin (cảm xúc người dùng, loại sản phẩm, tính chất sản phẩm,…) theo yêu cầu của dự án, ngành hàng.
- Tham gia vào quá trình tính toán, phân tích dữ liệu.
- Tham gia viết báo cáo tổng kết và trình bày trước khách hàng.
- Tham gia quản lý các dữ liệu khác của khác hàng và công ty.","Sinh viên năm 2, năm 3, ưu tiên các bạn yêu thích ngành Marketing, Digital Marketing, Market Research.
- Yêu thích công việc trên máy tính, làm việc với con số và chữ, có khả năng tìm kiếm trên google, am hiểu internet, các mạng xã hội.
- Yêu cầu tính cách: Cẩn thận, kiên nhẫn, chịu khó, ham học hỏi, có tinh thần trách nhiệm và tự giác
- Yêu cầu kỹ năng: Microsoft Office (Word, Excel, Powerpoint), SPSS,…
- Thời gian làm việc: Full-time/Part-time
Trong CV yêu cầu ghi rõ về kinh nghiệm làm việc và quá trình học tập của bản thân.","- Được huấn luyện chi tiết các kĩ năng thu thập và phân tích dữ liệu, cơ hội cập nhật thông tin và xu hướng thị trường
- Theo đuổi định hướng chuyên sâu ngành Marketing, Digital Marketing hoặc Market Research
- Được làm việc trong môi trường chuyên nghiệp, vui vẻ và hòa đồng."
Công ty TNHH Lửa Á Châu,Chuyên Viên Phân Tích Dữ Liệu - Data Analytics,"Thu thập nhu cầu nghiên cứu của khách hàng và thiết kế hướng tiếp cận dữ liệu phủ hợp (ví dụ số lượng mẫu, phương pháp chọn mẫu, quy trình xử lý dữ liệu, các loại dữ liệu cần thu thập, …) để thu thập đủ thông tin cho nghiên cứu.
 - Thiết kế các mẫu nghiên cứu & báo cáo theo đúng nhu cầu của khách hàng.
 - Làm việc với nhân viên quản lý khách hàng để thiết lập đội ngũ nhân sự cho dự án.
- Sử dụng Social Listening Tool để đọc và phân tích thông tin, tin tức về công ty/ thương hiệu/ sản phẩm/ chương trình… từ các nguồn như Báo Điện tử, Diễn đàn, Facebook, Youtube, Instagram,…
- Theo dõi, phát hiện và báo cáo thông tin tiêu cực về công ty/ thương hiệu/ sản phẩm/ chương trình
- Làm việc với toàn bộ nhân sự trong dự án để xử lý dữ liệu theo hướng tiếp cận dữ liệu đã được đề ra.
- Đánh giá, phân loại thông tin (cảm xúc người dùng, loại sản phẩm, tính chất sản phẩm,…) theo yêu cầu của dự án, ngành hàng
- Chịu trách nhiệm đầu vào thông tin trước khi phân tích thị trường
- Hỗ trợ việc phân tích dựa vào thông tin đọc được
- Tham gia xuất dữ liệu, cung cấp các nhận định về phân tích dữ liệu & tiếp thị/truyền thông cho báo cáo.
- Tiến hành kiểm tra nội dung báo cáo và làm việc với các nhận sự trong dự án để hoàn thiện bản báo cáo cuối cùng.","- Tốt nghiệp từ Cao đẳng trở lên, ưu tiên các bạn yêu thích ngành Marketing, Digital Marketing, Market Research
- Độ tuổi từ 1997 trở lên
- Ưu tiên ứng viên yêu thích công việc trên máy tính, sử dụng thường xuyên và am hiểu internet, các mạng xã hội
- Ưu tiên ứng viên có kiến thức, yêu thích các ngành hàng: Hàng tiêu dùng (Sữa, bánh kẹo, nước giải khát), Hàng công nghệ (Smartphone, Laptop), Oto – Xe máy, Ngân hàng, Bất động sản....
- Ưu tiên: Có kinh nghiệm về lắng nghe mạng xã hội và các hệ thống phân tích web cũng như quảng cáo (web & ads analytics)
- Yêu cầu kinh nghiệm từ 6 tháng đến 1 năm trở lên.
- Yêu cầu tính cách: Cẩn thận, kiên nhẫn, chịu khó, ham học hỏi, có tinh thần trách nhiệm và tự giác
- Yêu cầu kỹ năng: Microsoft Office (Word, Excel, Powerpoint)
- Thời gian làm việc: Full-time","- Có cơ hội được đào tạo toàn diện về Công nghệ số và Quản trị truyền   thông kỹ thuật số.
- Có cơ hội tiếp cận với phương pháp và quy trình quản trị dự án truyền thông kỹ thuật số một cách có tổ chức và hiện đại. 
- Môi trường làm việc thân thiện, năng động và có cơ hội tiếp cận những công nghệ tiên tiến.
- Chương trình Phát triển vượt trội cho những ứng viên tài năng.
- Các chính sách khác: Nghỉ mát, Thưởng, Bảo hiểm, Phụ cấp,...theo Luật Lao Động."
CÔNG TY TNHH UNICALL,Data Analyst Intern,"• Phân tích, đề xuất các chiến lược, phương án, giải pháp nhằm nâng cao hiệu quả thu hồi nợ;
• Thực hiện các biện pháp thử nghiệm cần thiết để đánh giá hệ thống chiến lược thu hồi nợ hiện tại và phát triển hệ thống chiến lược thu hồi nợ mới;
• Thực hiện phân tích phân khúc khách hàng và đưa ra các cải tiến trong chiến lược thu hồi nợ;
• Xây dựng và phát triển các báo cáo quản trị hiệu quả thu hồi nợ;
• Thực hiện phân bổ hợp đồng cho nhân sự thu nợ và đối tác thu hồi nợ dựa trên nguyên tắc phân bổ đã thống nhất;
• Thực hiện các báo cáo phân tích, trích xuất dữ liệu phục vụ cho công tác theo dõi và đánh giá hiệu quả hoạt động thu hồi nợ của các đơn vị nội bộ cũng như đối tác thuê ngoài;
• Phối hợp tính toán thưởng vượt hiệu suất thu hồi nợ, thưởng theo chương trình thúc đẩy thu hồi nợ và giải đáp thắc mắc liên quan đến chính sách thưởng vượt hiệu suất;
• Tổng hợp báo cáo liên quan đến công tác thu hồi nợ;
• Thực hiện lữu trữ hồ sơ, tài liệu liên quan;
• Thực hiện các nhiệm vụ liên quan khác theo yêu cầu của cấp quản lý.","• Tốt nghiêp trình độ Đại học/Cao đẳng các chuyên ngành có liên quan;
• Có kinh nghiêm tối thiểu 2 - 3 năm về phân tích số liệu;
• Có kỹ năng phân tích, tổng hợp và báo cáo;
• Siêng năng, cẩn thận;
• Có khả năng chịu được áp lực tốt","• Lương cạnh tranh;
• BHXH, Du lịch, Thưởng Lễ Tết, Thưởng lương tháng 13
• Làm việc trong môi trường chuyên nghiệp, năng động và cạnh tranh, nhiều cơ hội thăng tiến và  cơ hội đào tạo nghề nghiệp."
Ngân Hàng TMCP Xuất Nhập Khẩu Việt Nam (Eximbank),Chuyên Viên Phân Tích Dữ Liệu Mạng Xã Hội (Social Media Data Analyst),"- Sử dụng các công cụ và kỹ thuật phân tích nhằm khai phá dữ liệu và phân tích chuyên sâu về hành vi người dùng trên các nền tảng ngân hàng số;
- Đề xuất bổ sung các phương thức để làm giàu dữ liệu, các công cụ, mô hình phân tích dữ liệu lớn (Big Data)
- Thực hiện các báo cáo phân tích cũng như đưa ra các tiêu chí đánh giá hiệu quả hoạt động trên các nền tảng Ngân hàng số;
- Phối hợp với các đơn vị có liên quan để xác định xu hướng/cơ hội tăng trưởng khách hàng dựa trên các phân tích chuyên sâu; Xây dựng bản mô tả yêu cầu về những thông tin dữ liệu cần được tổng hợp và đồng bộ;
- Thực hiện các nhiệm vụ khác theo phân công của cấp quản lý.","- Có kinh nghiệm trong lĩnh vực ngân hàng.
- Trình độ Cử nhân trở lên chuyên ngành Công nghệ thông tin, Hệ thống thông tin quản lý, Khoa học máy tính hoặc các lĩnh vực có liên quan;
- Am hiểu về khai thác dữ liệu (data mining), lập mô hình thống kê, phân tích dữ liệu số và hoạt động kinh doanh;
- Thành thạo các công cụ báo cáo BI như Superset, IBM Cognos, Tableau, QlikView, PowerBI;
- Kỹ năng trình bày và thuyết trình tốt;
- Kỹ năng phân tích và đọc hiểu báo cáo tốt;
- Kỹ năng Tiếng Anh thành thạo.","- Thu nhập cạnh tranh tương xứng năng lực.
- Tham gia các khóa học kỹ năng nâng cao nghiệp vụ.
- Hưởng chế độ bảo hiểm chất lượng cao.
- Lương tháng 13, thưởng Lễ-Tết, doanh số, …  
- Hỗ trợ du lịch hè 7.000.000đ/người
- Chi phí ăn trưa 50.000đ/ngày
- Phụ cấp điện thoại theo quy định."
CÔNG TY TNHH AMANOTES VIỆT NAM,Chuyên Viên Phân Tích Dữ Liệu Tháng 10,"Objectives
As an Amanotes’ product data analyst, you have the chance to deal with data of  2+ billion users to generate accurate, actionable and timely insights for products team, in order to boost user understanding and  product optimization.
What you will do
Answer business questions, such as pattern recognition of user behavior, product optimization…, by extracting, manipulating, analyzing data while applying statistical techniques
Work closely with Product team in planning and daily operation to identify opportunities for other data solutions, provide insight and consult on action for product optimization
Construct dashboards to monitor business performance, create and maintain data documentation
Build, optimize and ensure quality of data / ETL pipeline with Central Data team","Qualifications
Have good command of critical/logical/analytical thinking
Be fast, proactive and have good learning agility
Be able to use standard statistical & analytical techniques: A/B testing, cohort analysis, correlation
Have basic knowledge of machine learning is a plus
Be able to communicate data findings with appropriate examples from data points of view, using proper visualization (bar, line, histogram, bubble chart...)
Be able to give clear and actionable recommendations based on data findings
Experience with the following is appreciated: Maths and Statistics (especially Statistical Inference), SQL, Python, Data visualization tools
Be fluent in SQL for ad-hoc requests, de-bugging
Nice to have: basic understanding of game industry and good command of English","Salary: negotiation + ESOP.
13th month salary and Annual Company Bonus.
Lunch and parking allowance.
Flexible working time (12 days annual leave and 10 days paid sick leave full salary).
Learning and leisure budget.
Team building budget.
Free Music class.
Employee assistance program."
Công ty TNHH Skylink Group,Phân Tích Số Liệu (Data Analyst) [Ngân Hàng Điện Tử],"Làm việc trực tiếp với team Digital Marketing, dẫn đầu thiết kế và phát triển về A / B testing
Xây dựng, phát triển và duy trì trang tổng quan tự động để theo dõi các chỉ số hiệu suất
Theo dõi và xác định các vấn đề tiềm ẩn, các cơ hội để tối ưu hóa từ tất cả các bảng điều khiển / báo cáo
Thông báo tình trạng của doanh nghiệp cho các bên liên quan thường xuyên - cho phép người nghe hiểu rõ lý do đằng sau các xu hướng - và cung cấp thông tin chi tiết để thúc đẩy các quyết định chiến lược
Đề xuất các cải tiến / khuyến nghị dựa trên thông tin chi tiết về dữ liệu
Tiến hành phân tích khám phá - đi sâu vào dữ liệu để phát triển các giả thuyết và trả lời các câu hỏi kinh doanh phức tạp
Có nhiệm vụ phân tích khác theo yêu cầu
Các hình thức phân tích bao gồm: phân khúc khách hàng; phân tích để tăng cường chuyển đổi, tương tác, chuyển đổi, giữ chân người dùng; tiêu chuẩn hóa báo cáo; trò chơi hóa; Thử nghiệm A / B & phân tích thử nghiệm để tối ưu hóa tiếp thị","Kinh nghiệm 2 năm ở vị trí tương đương
Có kiến thức về thống kê và kinh nghiệm sử dụng các gói thống kê để phân tích tập dữ liệu
Mạnh về kĩ năng phân tích (thu thập, phân tích, chuyển đổi dữ liệu thô thành thông tin chi tiết)
Có kinh nghiệm với các Tools Visualization (Google Data Studio / Power BI/ Tableau)
Có kinh nghiệm sử dụng ngôn ngữ Python, SQL","Mức lương: Mức lương : cạnh tranh 
- Hệ thống thưởng đa dạng: tháng (đột xuất), quý, năm, thưởng lương tháng 13, 14, 15... (theo kết quả doanh thu của Công ty);
- Phúc lợi tốt cho nhân viên và gia đình: bảo hiểm y tế, du lịch, team building, happy hour, happy birthday…
- Ứng viên khi trở thành nhân viên công ty sẽ được hưởng đầy đủ các chế độ của người lao động theo quy định của Luật lao động Việt Nam;
- Thưởng các dịp Lễ Tết: Tết Dương lịch, 08/03, 01/05, 02/09, 20/10, Trung thu...
- Bảo hiểm xã hội và bảo hiểm sức khỏe (PVI) theo chế độ Công ty, khám sức khỏe định kỳ;
- Quỹ du lịch Team Builiding hàng quý;
- Môi trường trẻ năng động, hiện đại, nhiều cơ hội phát triển bản thân;
- Chính sách đào tạo hấp dẫn nhằm phát triển kiến thức chuyên môn và hoàn thiện kỹ năng mềm;
- Các chế độ khác theo chính sách nội bộ của công ty."
Công ty CP & DV Giao hàng nhanh,Data Analyst - Fresher/ Junior,"1. Support and implement high-quality, data-driven decisions making culture (60%)
Manage and optimize processes for data acquisition, validation, mining and engineering as well as modeling, visualization and communication deliverables.
Build, develop and maintain (or coordinate with BI team to do) CATEGORY data models, reporting systems, data automation systems, dashboards and performance metrics support that support key business decisions.
Oversee the design and delivery of reports and insights that analyze customer experience and performance metrics.
Ensure accuracy of data and deliverables with comprehensive policies and processes.
2. Implement data mining & analysis by applying advanced data modeling, predictive modeling and analytical techniques (40%)
Using advanced data modeling and analysis techniques to discover insights that will guide strategic decisions and uncover optimization opportunities.
Examine, interpret and report results of analytical initiatives to stakeholders in leadership, technology, sales, marketing and product teams.","1. SKILLS:
Understanding of and experience using analytical concepts and statistical techniques: Hypothesis Testing, designing tests/experiments, analyzing data, drawing conclusions, and developing actionable recommendations for business.
Experience writing Excel macros, working with and creating databases and dashboards using all relevant data to inform decisions.
Working knowledge of data mining principles: mapping, collecting data from multiple data systems on premises and cloud-based data sources
SQL basic.
Strong problem solving, quantitative and analytical abilities.
Strong ability to plan and manage numerous processes, people and projects simultaneously.
2. EXPERIENCE:
1 - 2 years of experience with Data Analyst/ Business Intelligence/ Business Analyst
3. ATTITUDES:
Strong work ethic: who understand and possess a willingness to work hard & work smart.
Result-oriented: Plan towards specific targets; organize teams with target and time in mind; prioritize problem-solving rather than problem-identification or waiting for someone else to solve the matter; manage people in a way to maximize productivity including firing or reassigning resources that may distract team or company from achieving desired results - sort of a ‘no-hard feelings, it’s business’ approach.
Speed, flexibility and agility","Top 3 Logistic companies in Vietnam.
Fair team.
Annual health check-ups.
13th salary.
 Generali Care
Challenging working environment with the attractive domain as Logistics.
Specific pantry with nice decoration & Coffee/Milk Coffee/Chocolate & Tea.
Annual Team-building + Outing trip.
Join Training Courses and Tech Sharing.
Mid-Autumn Party, Christmas party, Year-end Party.
With the delivery network covering more than 98% geographical area of Vietnam, you will be welcome anywhere in Vietnam for traveling."
Ngân hàng Thương Mại Cổ Phần Tiên Phong - Trung tâm Fico,Data Analyst - Music Game,"1. Development and delivery of regular reports of collection performance based on SQL database
2. Delivery of ad-hoc analyses aimed at tackling challenges faced by the business
3. Provide necessary technical analysis and support for risk control and collection operation
4. Make sure that data and reporting is correct
5. Build structured data mart to support
6. Build effective and easily understandable visualizations
7. Effectively communicate analytical insight to other parts of business and be able to draw conclusions from data","Education/Experience
1. At least 1 years of experience in analytical job working with SQL, Excel and data handling
2.    Prefer candidates has work experience in Collection, Risk Analytics in Bank or Consumer finance company, etc.
Required skills
3. Desire to learn new skills and apply it in practice of consumer finance industry.
4. Analytical, structured and logical thinking.
5. Good communication skills. 
6. Knowledge of databases and SQL language, other programming language skills are of significant advantage.
7. Advanced in using MS Office, especially MS Excel. Knowledge of VBA macros is an advantage.
8. Reliable and diligent with attention to detail","Attractive salary & yearly performance bonus package
Premium Health Insurance Package
Training program for employees"
Công Ty TNHH OKXE Việt Nam,Senior Data Analyst,"We are currently hiring a Junior/Mid/Senior Data Analyst who will be responsible for:
Building and maintaining key reports/dashboards to monitor business performance;
Owning advanced end-to-end analyses, from extracting data to analyzing and presenting insights, to answer important business questions;
Together with the Data Engineer team, ensuring a high level of data quality to serve as the source of truth for the whole organization;
Participating in the product development process by consulting product and IT teams with relevant metrics and data requirements;
Using data to identify opportunities for improvement to enable functional departments to achieve operational excellence.","At least 01 year of experience in Data Analyst or Business Analyst or Business Intelligence;
Good understanding of different business processes (product development, sales & marketing, business strategies) as well as database concepts and common data flows within an organization;
Proficient SQL required. Other programming languages such as Python, R are preferred;
Knowledge of statistical techniques and concepts such as regression, statistical distributions, statistical tests is preferred;
Experience with visualization tools such as Tableau, Google Data Studio, PowerBI;
Ability to give clear and actionable recommendations based on data findings;
Strong critical/logical thinking;
Good English skills is a big plus.","Salary + lunch allowance;
13th month salary + performance bonus;
100% salary during probation period (02 months);
Bao Viet Insurance;
Macbook provided (upon the positions);
Support leadership & technical training courses;
Social insurance base on company policy & labor law;
Yearly business trip;
Gift for birthday and holidays;
Teambuilding, company trips, internal event...
Flexible working hours, from Mondays to Fridays."
CÔNG TY TNHH FINAN (SoBanHang),Nhân Viên Phân Tích Dữ Liệu (Data Analyst Executive),"- Removing corrupted data and fixing coding errors and related problems.
- Using statistical tools to identify, analyze, and interpret patterns and trends in complex data sets that could be helpful for the diagnosis and prediction.
- Filter Data by reviewing reports and performance indicators to identify and correct code problems.
- Using visualization tools (SuperSet, DataStudio) to fulfill business requests.","You need more than technical expertise to excel in a career in data analytics. Students from mathematics, statistics, computer science, or economics backgrounds. However, a postgraduate course in data analytics online can be accepted.
- 4th year students or fresh graduates in statistics, maths or a related field.
- Working fulltime.
- Strong mathematical skills to help collect, measure, organize and analyze data.
- Knowledge of programming languages like SQL Basic, Postgres.
- Problem-solving, teamwork, verbal, and written communication skills.
- Have knowledge on SQL and Visualization Tools.
- Have skills in teamwork & project management.","- Create impactful technology products to bring value to society, especially to those who are underserved.
- Young, dynamic start-up environment with knowledgeable and experienced leaders
- Hone your skills through the new challenges, have your say in contribution towards the common goals.
- Competitive remuneration package.
- Cool office, work time & location flexibility, other perks include snacks, coffee, and healthy food provided daily...."
DATATYK COMPANY LIMITED,Senior Collection Data Analyst,"Interact with Clients to collect business requirement, data requirement to come up with Client’s expectation and Project’s delivery scope
Analyze and structure data into meaningful information to meet Client’s business and industry
Propose Client’s business insights via analytics report and dashboard base on requirementprovided
Manage the quality of Project deliverables","At least 6+ month experience working on Data Analyst role
Experience with Data visualization tools such as Power BI, Tableau...
Having basic database knowledge, can write query in T-SQL language
Have the ability to convert data into actionable insights
Good in communication, presentation skill and teamwork.
Good analytical thinking, attention to detail and curious data explorer, good problem solving.","Working time: Monday - Friday, 9:00AM – 06:00 PM
Up-to-date technologies
Extra healthcare for employees
Working with high-skilled team
Nice working environment and flexible working time"
CÔNG TY TNHH XUẤT NHẬP KHẨU PHÁT TRIỂN ĐÔNG DƯƠNG - TẬP ĐOÀN THỂ THAO KINGSPORT,Data Analyst,"1. Hỗ trợ các phòng ban thiết lập và theo dõi các chỉ tiêu (Tỷ trọng: 40%)
- Tham gia xây dựng chỉ tiêu kế hoạch cho các phòng ban.
- Đánh giá việc thực hiện kế hoạch kinh doanh của hệ thống toàn quốc và đưa ra các cảnh báo kịp thời cho các phòng ban
- Cung cấp dữ liệu theo ngày/tuần/tháng/quý/năm của hệ thống kinh doanh cho các phòng ban và các chức danh liên quan.
- Tham gia xây dựng KPIs các chức danh trong hệ thống bán lẻ và theo dõi KPIs của các chức danh nhằm cảnh báo cho CEO
- Tham gia xây dựng và kiểm soát các quy trình làm việc.
- Theo dõi và kiểm soát chi phí và lợi nhuận của các phòng ban.

2. Thực hiện báo cáo (Tỷ trọng:30%)
- Thực hiện các báo cáo định kỳ/ đột xuất theo tháng/quý/năm của các phòng ban hoặc theo yêu cầu của Ban giám đốc.

3. Tổng hợp, phân tích và để xuất (Tỷ trọng:30%)
- Đề xuất các chương trình thúc đẩy doanh thu và các chương trình chăm sóc khách hàng.
- Thu thập thông tin, phân tích, báo cáo thị trường và đối thủ cạnh tranh và đề xuất đối sách phù hợp.
- Đề xuất/giải pháp có tác động làm giảm chi phí hoạt động của hệ thống bán lẻ
- Phân tích các yếu tố tác động đến việc gia tăng thị phần trong kênh bán lẻ.
- Theo dõi xu hướng mẫu của thị trường nhằm cung cấp thông tin về mẫu đối với xu hướng thiết kế của Công ty, thông tin về sản phẩm của đối thủ cạnh tranh trong khu vực.","- Tối thiểu 3 năm kinh nghiệm vị trí tương đương
- Kỹ năng công việc: Thành thạo vi tính văn phòng (MS outlook, Excel, Word, Power Point), nắm rõ các yêu cầu vận hành của hệ thống quản lý thông tin trên hệ thống dữ liệu của công ty.
- Kỹ năng dự báo và phân tích thị trường (khách hàng, đối thủ, kinh tế, ..)
- Kỹ năng lập kế hoạch kinh doanh
- Kỹ năng tổ chức triển khai công việc
- Kỹ năng kiểm soát công việc
- Dịch vụ khách hàng (xử lý khiếu nại và các tình huống khác tại cửa hàng)","* Quyền lợi:
- Thời gian làm việc: 08:00 - 17:00, nghỉ trưa 1 tiếng từ thứ 2 - sáng thứ 7
- Tham gia BHXH đầy đủ theo quy định
- Lương tháng 13, thưởng cuối năm x2,x3
- Một năm xét tăng lương một lần
- Teambuilding hàng năm
- Cơ hội thăng tiến."
Ngân Hàng TMCP Xuất Nhập Khẩu Việt Nam (Eximbank),Data Analyst Intern,"Vận hành hệ thống báo cáo đánh giá, phân tích dữ liệu (Big data), xây dựng gói sản phẩm và bán chéo sản phẩm dịch vụ KHDN
Phân tích, xử lý dữ liệu để thực hiện phân tích hiệu quả kinh doanh đa chiều, như: theo phân khúc, tiểu phân khúc, kênh phân phối, theo sản phẩm, chương trình kinh doanh, khách hàng
Phân tích số liệu, phân tích hành vi sử dụng sản phẩm dịch vụ của KHDN, đánh giá hiệu quả sản phẩm, dịch vụ nhằm phục vụ cho công tác tham mưu xây dựng sản phẩm mới, các chính sách mới để gia tăng lợi nhuận mang lại từ KH đồng thời đưa ra chiến lược kinh doanh phù hợp
Phối hợp Khối CNTT xây dựng, chuẩn hóa số liệu báo cáo
Thiết lập các báo cáo số liệu chuyên biệt liên quan kết quả kinh doanh và sản phẩm dịch vụ KHDN
Thực hiện báo cáo Khối KHDN từ nguồn thông tin, số liệu do các Phòng/Ban hỗ trợ
Thực hiện các công việc khác theo phân công của cấp Quản lý","Tốt nghiệp ĐH trở lên các chuyên ngành TCNH, QTKD, CNTT hoặc các ngành liên quan
Tối thiểu 02 năm kinh nghiệm trong lĩnh vực ngân hàng, phân tích dữ liệu và các phần mềm kiểm thử
Kỹ năng phân tích và xử lý số liệu lớn, đặc biệt sử dụng thành thạo lập trình VBA/SQL/BI Tools
Tư duy tốt, rõ ràng, có khả năng phân tích dữ liệu
Kỹ năng mềm: Có ý tưởng sáng tạo, Nhiệt quyết trong công việc, Có khả năng giao tiếp tốt, Kỹ năng làm việc nhóm","Thu nhập cạnh tranh tương xứng năng lực.
Tham gia các khóa học kỹ năng nâng cao nghiệp vụ.
Hưởng chế độ bảo hiểm chất lượng cao.
Lương tháng 13, thưởng Lễ-Tết, doanh số, …
Hỗ trợ du lịch hè 7.000.000đ/người
Chi phí ăn trưa 50.000đ/ngày (bao gồm thử việc)"
CÔNG TY TNHH EROC COMMERCE (VIỆT NAM),Chuyên Viên Phân Tích Thống Kê ( (Data Analyst),"• Thu thập, phân tích và lập báo cáo từ data của các shop bán hàng trên các sàn thương mại điện tử và update hàng ngày cho các Lead và KAM để giúp công ty nắm tình hình kinh doanh và có những kế hoạch làm việc kịp thời.
• Lập các bảng báo cáo để phân tích, theo dõi tình hình kinh doanh hàng ngày, hàng tháng, quý, năm,...,đồng thời đưa ra các nhận định giúp doanh nghiệp có thể phát triển, cải thiện hơn nữa trong tương lai.
• Hỗ trợ Lead/KAM làm báo cáo cho các brand về doanh thu, ngân sách,,...
• Đồng bộ hóa dữ liệu từ nhiều sàn, nhiều nguồn giúp tối ưu hóa công việc cho công ty.
• Các công việc khác tùy vào yêu cầu của Manager","• Ít nhất 1 năm kinh nghiệm làm việc trong lĩnh vực Business Intelligence or Data Analytics trong ngành Ecommerce
• Thành thạo Excel, Power BI, Power Pivot,...
• Có tư duy phân tích tốt, ham học hỏi, có thái độ tốt trong công việc.
• Giao tiếp tốt bằng cả tiếng Việt lẫn tiếng Anh, biết tiếng Trung là 1 điểm cộng
• Có khả năng làm việc tốt với nhiều team","- Lương: thỏa thuận theo năng lực. ( 8.000.000 vnđ – 15.000.000 vnđ )
- Hợp động lao động 12 tháng
- Thử việc: 02 tháng (85% lương )
- 12 ngày phép năm ( + 02 ngày tháng thử việc )
- Sau 02 tháng thử việc tham gia BHXH.
- Xét tăng lương định kỳ năm/ 2 lần.
- Teambulding năm/lần .
- Khám sức khỏe bệnh viện quốc tế năm/ lần."
Công ty cổ phần Hai Bốn Bảy,Chuyên Viên Phân Tích Dữ Liệu & Báo Cáo,"1. Phân tích dữ liệu và viết báo cáo liên quan đến PMS:
- Sử dụng Data trên PMS:
• Doanh thu, sản lượng, trọng lượng
• Giá bán, phụ phí, giá dịch vụ gia tăng
• KH, danh sách KH, phân loại
• Phân tích thông tin từ nguồn “thông tin người nhận”
- Trình bày các nội dung trên bằng bảng số liệu, biểu đồ, bản đồ và đề xuất các hình thức minh hoạ hợp lý khác
- Thu thập thông tin để triển khai các chiến dịch Marketing, Sales dựa trên dữ liệu đã thu thập được.
2.  Sử dụng dữ liệu CRM
- Data về KH, về chăm sóc KH
- Quản lý Lead
- Thông tin về SLA của các cá nhân/nhóm/kênh
3. Phân tích xu hướng thị trường:
- Phân tích bảng giá, chương trình của đối thủ cạnh tranh
- Đánh giá kết quả kinh doanh theo từng dịch vụ
- Phát hiện xu hướng
- Phân tích nhu cầu của các sản phẩm, dịch vụ của toàn thị trường để xây dựng cơ sở phát triển sản phẩm mới
4. Đánh giá chương trình, cải tiến các báo cáo và góp ý sửa đổi quy chế bán hàng:
- Đánh giá/đo lường kết quả chương trình đã ban hành
- Đề xuất chương trình mới và sửa đổi chương trình để tâng tính tương thích
- Đề xuất, sửa đổi quy chế bán hàng","- Trình độ học vấn             : Tốt nghiệp Cao đẳng trở lên
- Trình độ chuyên môn     : Ưu tiên cử nhân chuyên ngành QTKD/Kinh tế và các chuyên ngành có liên quan
- Độ tuổi tuyển dụng         : 25 – 30
- Kinh nghiệm làm việc : 
+ Kinh nghiệm phân tích ít nhất 2 năm hoặc đã đảm nhận vị trí tương đương
+ Đã làm ngành logistic tối thiểu 1 năm
- Kỹ năng   :
 + Có khả năng giao tiếp, trình bày và thuyết phục tốt
 + Đã sử dụng các phần mềm, Microsoft office và các công cụ phân tích như Power B.I, SQL
+ Tiếng Anh _ Khá","- Lương: 12 – 15 triệu
- Được hưởng các quyền lợi theo quy định của Luật lao động về nghỉ tết, lễ…
- Quà sinh nhật, tham gia các hoạt động phong trào thể thao, văn hóa, du lịch của công ty...
- Được làm việc trong môi trường thân thiện, đội ngũ nhân viên trẻ, nhiệt tình."
Công ty cổ phần Phân bón Dầu khí Cà Mau,Data Analyst,"- Thu thập dữ liệu, phân tích dữ liệu cho hệ sinh thái phục vụ công tác bán hàng.
- Quản trị cơ sở dữ liệu được phân quyền.
- Tiếp nhận yêu cầu và xử lý các sự cố trong quá trình sử dụng phần mềm liên quan đến công cụ BI và phân tích dữ liệu;
- Hỗ trợ thực hiện các đề nghị truy xuất thông tin từ hệ thống để phục vụ công tác kiểm tra, báo cáo của các phòng ban theo định kỳ và đột xuất.
- Đề xuất, soạn thảo và giám sát việc tuân thủ các qui định/chính sách liên quan đến việc áp dụng hệ thống, ứng dụng vào phục vụ hoạt động kinh doanh.
- Khảo sát, phân tích và tư vấn quy trình nghiệp vụ, quy trình quản lý vận hành trên hệ thống quản lý phân phối, chăm sóc khách hàng…
- Triển khai thực hiện các nội dung kế hoạch phát triển hệ thống, ứng dụng được phê duyệt.
- Lập thủ tục đấu thầu, triển khai mua sắm và đánh giá các gói thầu CNTT phục vụ cho hoạt động của khối kinh doanh
- Nghiên cứu, đề xuất, xây dựng các giải pháp phần mềm, ứng dụng mới 
- Quản lý tiết kiệm và sử dụng có hiệu quả nguồn nhân lực, cơ sở vật chất, cơ sở dữ liệu, bản quyền phần mềm và các phương tiện, trang thiết bị được giao.
- Thực hiện các nhiệm vụ khác do Lãnh đạo phân công.","- Tốt nghiệp Đại học các ngành liên quan đến lĩnh vực Công nghệ thông tin; Hệ thống thông tin; QTKD. Tiếng Anh giao tiếp tốt; Sử dụng thành thạo vi tính văn phòng;
- Tối thiểu 02 năm kinh nghiệm trong lĩnh vực phân phối hàng hóa, sản phẩm (bao gồm cả triển khai và vận hành hệ thống);
- Kỹ năng tổ chức, quản lý và làm việc nhóm. Tinh thần, trách nhiệm và có khả năng làm việc dưới môi trường nhiều áp lực, liên tục thay đổi. Có khả năng đi công tác thường xuyên.","- Ứng viên trúng tuyển sẽ làm việc tại TP.Hồ Chí Minh;
- Được làm việc trong môi trường năng động, chuyên nghiệp, có nhiều cơ hội thăng tiến;
- Được tham gia các dự án lớn của ngành dầu khí, được tham dự các khóa học bồi dưỡng nâng cao chuyên môn nghiệp vụ và kỹ năng quản lý;
- Được tham gia các khóa đào tạo về Văn hóa doanh nghiệp của Công ty và chương trình Bảy thói quen hiệu quả (7 Habits) …;
- Được tham gia bảo hiểm xã hội, bảo hiểm y tế, bảo hiểm thất nghiệp theo quy định của nhà nước và được hưởng các chế độ chính sách phúc lợi khác của Công ty;
- Hưởng mức lương và phụ cấp hấp dẫn tương xứng với năng lực của bản thân."
CÔNG TY TNHH FINAN (SoBanHang),Nhân Viên Phân Tích Dữ Liệu Kinh Doanh,"Act as a Project consultant & collaborator between Business functions (Growth, Commercial, Customer Service, Product, Tech) and Strategic & Analytics team.
Use data-driven methodologies (qualitative and quantitative) to support in planning & executing cross-functional projects, as well as departmental daily operations.
Utilize existing BI data & SQL skill to draw actionable inferences & insights to support, or go as far as leading new initiatives.
Be a performance controller and advocate for quality strategic planning & operational excellence: diagnose declining trends across all business functions → identify root causes → control & monitor → recommendation for improvement.
Be willing to do necessary researches (with guidance provided from line manager) to recognize market trends & improvement tactics across all business aspects","More than 2 years of working experience in Strategy & Data Analytics, BI Consultant or Product Analytics.
Have some basic knowledge of SQL (>3 months) with hands on experience as you will be using lots of SQL on a daily basis.
Strong logical & critical thinking: being able to recognize patterns & connecting the dots.
Experienced with providing data (either qualitative and quantitative) to support business functions & monitor next steps.
Understand the rule of 20/80: set daily priorities, multitask & be an active owner of your tasks.
Good communication skills & ability to explain your findings to business/technical stakeholders in an efficient manner.
Be able to manage time effectively & deliver high-quality work.
Possess a proactive mindset & positive attitude, able to bring in good influences to your teammates & stakeholders.","Create impactful technology products to bring value to society, especially to those who are underserved.
Work with tech-giant partners in Vietnam and the region: Vietjet, Sovico, Facebook, Google… and have access to the world’s leading investment funds.
Young, dynamic start-up environment with knowledgeable and experienced leaders.
Hone your skills through the new challenges, and have your say in contributing towards the common goals.
Competitive remuneration package.
Cool office, work time & location flexibility, other perks include snacks, coffee, and healthy food provided daily…"
Công ty TNHH Shopee Express,Chuyên Viên Data Analyst,"Extract financial, rider, customer data from various sources and systems to develop a holistic view of business performance
Perform data analysis to supply business with insights on business performance and KPIs
Develop dashboards, scorecards and summary reports for management and stakeholders
Develop new insightful views to synthesize complex data
Identifies ways and opportunities to automate reporting for self-service
Create, automate and manage performance measurement tools for Operation team
Identify ways to improve the quality and use of metadata","Bachelor's degree
At least 3 years’ experience working in an analytical role, pulling and analyzing data sets and providing actionable insights
1-2 year of e-Commerce experience
SQL experience is a plus
Team management skill is a plus","Laptop
Chế độ bảo hiểm
Phụ cấp
Chế độ thưởng
Chăm sóc sức khỏe
Đào tạo
Tăng lương
Nghỉ phép năm"
Lotte mart,"Data Analyst (BI Controller) _ Lương Upto $1,500","Tổ chức và phân tích dữ liệu từ các nguồn dữ liệu có sẵn (doanh thu, chi phí, lợi nhuận theo ngành hàng, theo siêu thị, theo bộ phận, theo ngày/tháng/quý/năm ...).
Trực quan hóa dữ liệu bằng hệ thống bảng biểu, đồ thị, giúp người đọc hiểu được các thông tin chi tiết.
Trình bày các báo cáo, phát hiện cho các bên có liên quan, đưa ra các nhận định và đề xuất các ý kiến đóng góp cho các quyết định liên quan đến vận hành (phát triển danh mục sản phẩm, chương trình khuyến mãi, ...)
Một số công việc khác theo yêu cầu
 ","Học vấn: tốt nghiệp đại học các chuyên ngành: QTKD/ Kinh tế/ Toán tin ứng dụng/Toán thống kê/ Tài chính hoặc các ngành có liên quan.
Kinh nghiệm từ 1-3 năm tại vị trí tương đương ngành hàng bán lẻ, chuỗi siêu thị, FMCG ...
Kỹ năng cần thiết: Phân tích dữ liệu (Excel, Power BI, ...)
Kỹ năng trình bày báo cáo, thuyết trình
Tư duy logic","Lương cạnh tranh, lương tháng 13++, thưởng cuối năm.
Phụ cấp Cơm 50.000/ngày
Thời gian làm việc: từ 8h-17h00, T2-T6
Phụ cấp ngoại ngữ hấp dẫn, lên đến 3.000.000/tháng (Anh, Hàn)
Chế độ BHXH, BHYT, BHTN trên tổng thu nhập; Bảo hiểm tai nạn 24h; bảo hiểm chăm sóc sức khỏe.
Môi trường làm việc năng động, có nhiều cơ hội đào tạo và thăng tiến."
Công Ty TNHH TransCosmos Việt Nam,Data Analyst,"- Make recommendations on tools, techniques or processes to enhance service quality
- Interpret data, analyze results using statistical techniques and provide reports
- Transfer data into information, information into insight and insight into business decisions
- To Ensure reports are completed within the specified requirements and the agreed SLAs and ensure the requestor understands any limitations.
- Responsible for daily, weekly, monthly, quarterly and yearly reports of the whole project and other assigned reports that Team Manager requires in advance.
- Identify, analyze, and interpret trends or patterns in complex data sets
- Analyse and suggestion for improve data using efficiency
- Forecast volume monitoring on a daily/weekly and monthly basis.","- Having at least 1,5 years of experience in Data Analyst role
- Must have experience in SQL and  Advanced Excel
- Experience in manage and process database, Data Analysis in Market Research or Contact Center is a plus
- Knowledge about Big Data, Machine Learning, Data Warehouse
- Analysis and reporting capabilities; monitoring data result and quality control plans to identify improvements
- Strong analytical skills with the ability to collect, organize, analyze, and disseminate significant amounts of information with attention to detail and accuracy
- Adept at queries, report writing and presenting findings
- Knowledge about economy, management, financial
- Familiar with C++, C#, Python and Microsoft Office
- Basic English","- Periodical bonus: twice/year  
- Position promotion, salary increase: once/year  
- 13th month salary 
- Insurances followed Vietnamese Labor Law  
- Bonuses, gifts for Holidays  
- Activities: Birthday party, team building, company trip, etn"
Ngân hàng TMCP Phát triển TP. HCM (HDBank),Thực Tập Sinh Phân Tích Dữ Liệu,"+ Công việc chính: 
- Thực hiện nghiệp vụ phân tích dữ liệu liên quan đến trung tâm Vận hành (sẽ được đào tạo)
- Hỗ trợ các công việc được giao (theo dõi tiến độ dự án, quy trình)
+ Thực hiện các công việc được giao từ cấp trên ","+ Ứng viên có tìm hiểu về công cụ phân tích dữ liệu, 
+ Nghiệp vụ tin học tốt
+ Giao tiếp tốt
 ","+ Được hỗ trợ chi phí thực tập 3,000,000/tháng
+ Được hỗ trợ con dấu thực tập tại HDBank
+ Được đào tạo bài bản nghiệp vụ phân tích số liệu
+ Có cơ hội trở thành nhân viên chính thức tại HDBank "
Ngân Hàng TNHH MTV Shinhan Việt Nam,Data Analyst (Business Intelligence),"• Đánh giá và xác định các chỉ số kinh doanh
• Hỗ trợ Phòng Kế toán đối chiếu hàng tháng
• Hỗ trợ các chức năng kinh doanh khác nhau với việc phát triển và duy trì các báo cáo quản lý khác nhau
• Cung cấp báo cáo phân tích sâu và đề xuất về hiệu suất dịch vụ, làm nổi bật bất kỳ xu hướng, mô hình hoặc thay đổi nào có thể ảnh hưởng đến chuyển đổi tổng thể trong các trường hợp sử dụng kinh doanh chiến lược cụ thể
• Nhiệm vụ Phân tích dữ liệu báo cáo đặc biệt hoặc các công việc khác khi được yêu cầu","• Bằng Đại học về Khoa học Máy tính hoặc Công nghệ Thông tin, tài chính, ngân hàng hoặc chuyên ngành liên quan.
• BẮT BUỘC có kinh nghiệm về SQL, PowerBI.
• Tư duy phân tích mạnh mẽ và khả năng học hỏi nhanh chóng cùng với thái độ tích cực
• Kỹ năng Excel nâng cao với kiến thức về Power Query, Power Pivots- Ưu tiên làm việc trong tổ chức Tài chính & Ngân hàng","• Làm việc giờ hành chính từ thứ 2 đến thứ 6
• Thu nhập ổn định
• Được đóng BHXH và BHYT theo quy định của nhà nước
• Chế độ phúc lợi về sức khỏe, du lịch hàng năm,...
• Chương trình đào tạo nghiệp vụ dành riêng cho nhân viên
• Lộ trình thăng tiến rõ ràng
• Các phúc lợi khác theo quy định của Ngân hàng"
Ngân Hàng TNHH MTV Shinhan Việt Nam,Thực Tập Sinh Data Analyst,"• Đánh giá và xác định các chỉ số kinh doanh
• Hỗ trợ Phòng Kế toán đối chiếu hàng tháng
• Hỗ trợ các chức năng kinh doanh khác nhau với việc phát triển và duy trì các báo cáo quản lý khác nhau
• Cung cấp báo cáo phân tích sâu và đề xuất về hiệu suất dịch vụ, làm nổi bật bất kỳ xu hướng, mô hình hoặc thay đổi nào có thể ảnh hưởng đến chuyển đổi tổng thể trong các trường hợp sử dụng kinh doanh chiến lược cụ thể
• Nhiệm vụ Phân tích dữ liệu báo cáo đặc biệt hoặc các công việc khác khi được yêu cầu","Bằng Đại học về Khoa học Máy tính hoặc Công nghệ Thông tin, tài chính, ngân hàng hoặc chuyên ngành liên quan.
BẮT BUỘC có kinh nghiệm về SQL, PowerBI.
Tư duy phân tích mạnh mẽ và khả năng học hỏi nhanh chóng cùng với thái độ tích cực
Kỹ năng Excel nâng cao với kiến thức về Power Query, Power Pivots- Ưu tiên làm việc trong tổ chức Tài chính & Ngân hàng","Làm việc giờ hành chính từ thứ 2 đến thứ 6
Thu nhập ổn định
Được đóng BHXH và BHYT theo quy định của nhà nước
Chế độ phúc lợi về sức khỏe, du lịch hàng năm,...
Chương trình đào tạo nghiệp vụ dành riêng cho nhân viên
Lộ trình thăng tiến rõ ràng
Các phúc lợi khác theo quy định của Ngân hàng
Địa chỉ làm việc: 138-142 Hai Bà Trưng, phường Đa Kao, quận 1, HCM"
Meow House,Thực Tập Sinh Phân Tích Dữ Liệu Mạng Xã Hội (Social Media Data Analyst Intern),"Xử lý dữ liệu trên Power BI
Xây dựng các báo cáo dựa trên các câu hỏi
Xây dựng các Dashboard theo thiết kế UI có sẵn
Tối ưu hiệu năng tính toán","Sinh viên năm 3, 4 có kiến thức cơ bản về ngôn ngữ lập trình SQL
Có kiến thức nền tảng về xác suất, thống kê
Có hiểu biết về cơ sở dữ liệu, mô hình hoá dữ liệu
Ưu tiên đã từng sử dụng phần mềm trực quan hoá dữ liệu: Power BI
Thời gian thực tập: 3 tháng (T2-T6) - bán thời gian/ toàn thời gian","Làm việc Online
Hỗ trợ dấu
Trợ cấp thực tập
Hỗ trợ làm báo cáo thực tập"
CÔNG TY TNHH TT UREKA VIỆT NAM,Data Analyst Intern (Ad Network),"-   Daily optimize and tracking campaign, bring real results for client and profit for company.
-   A/B test ads to gain both quality and quantity KPI.
-   Daily & weekly report for client if required and at the end of campaign.
-   Follow up and recognize abnormal index, raising and finding solutions with team.","-    Students in the last year or new graduate (with background IT - Javascript is a plus)
-    Good Excel/ Google Sheet
-    Like working with data/number
-    Do not require experience, will be trained in the process of working
-    Hard-working, honest, with good logical thinking
-    Positite thinking, “Can do” attitude.
-    Understanding basic digital marketing.","-   Working Time: Monday-Friday (9AM – 5:30PM).
-    Participate in the training program of Ureka Media.
-    Enjoy Allowances during internship. (2,000,000VND)
-   Opportunity to be officially recruited after the internship."
CÔNG TY TNHH SHARESOURCE,Data Analyst,"What are we looking for?
We are seeking a team member with experience in data analytics and some inventory systems. In this role, you will ensure that their clients will have a smooth transition of their data from the old system into the new system. This includes cleaning up the data, understanding how it maps into the new system and migrating it to the new system. It also includes supporting the client after the data has been migrated into the new system and answering emails/questions from time to time from the client on a low to middle level.
Our client; Integration Kings  provides a holistic, hands-on approach to business consulting, empowering their clients with the tools they need to take better control of their businesses. Integration Kings trusted team look at all aspects of their clients’ business operations and implement processes and cloud-based systems that work harmoniously.
What will you be expected to do?
Understand the raw data together with the consultant once provided by the client
Understand how the present templates will work on the new system
Clean up the data and mapping it out to the default template of the new system
Customize the templates needed by the client
Check what existing applications are currently in use, e.g. If using Shopify as an e-commerce site, you need to first export the product list from Shopify to check if there are potential errors to occur once you download the catalog from Shopify to Dear. (This may still vary per application and an analysis with a junior team member, or a consultant will be present.)
Migration of data sets in the new system
Address possible errors encountered when migrating the data
Answer support emails assigned from the old and new clients (low to middle level)
Document internal new processes encountered or assigned
Attend related internal and external trainings that can be useful","Good at English communications
You have completed an associate’s or a bachelor's degree in the STEM field
You have intermediate skills in MS Excel (able to manage and filter data, use common formulas, and create pivot tables)
You have strong technical aptitude 
You have great attention to detail
You have good written and verbal communication skills
You are driven, self-motivated and a team player","Social insurance based on full salary 
Allowances 
Training courses
Company devices"
